method,split,seed,episode,label,unsafe,score,threshold,flag,true_positive,false_positive,false_negative,true_negative,severity
full_physics_violation_audit,combined_violation_shift,0,0,1,1,1154.742798,134.346895,1,1,0,0,0,1.0000
full_physics_violation_audit,combined_violation_shift,0,1,1,1,512.852966,134.346895,1,1,0,0,0,1.0000
full_physics_violation_audit,combined_violation_shift,0,2,1,1,1629.417236,134.346895,1,1,0,0,0,1.0000
full_physics_violation_audit,combined_violation_shift,0,3,1,1,1282.624512,134.346895,1,1,0,0,0,1.0000
full_physics_violation_audit,combined_violation_shift,0,4,1,1,528.353149,134.346895,1,1,0,0,0,1.0000
full_physics_violation_audit,combined_violation_shift,0,5,1,1,911.744324,134.346895,1,1,0,0,0,1.0000
full_physics_violation_audit,combined_violation_shift,0,6,1,1,596.414673,134.346895,1,1,0,0,0,1.0000
full_physics_violation_audit,combined_violation_shift,0,7,1,1,599.279663,134.346895,1,1,0,0,0,1.0000
full_physics_violation_audit,combined_violation_shift,0,8,1,1,585.864685,134.346895,1,1,0,0,0,1.0000
full_physics_violation_audit,combined_violation_shift,0,9,1,1,953.605164,134.346895,1,1,0,0,0,1.0000
full_physics_violation_audit,combined_violation_shift,0,10,1,1,1501.150879,134.346895,1,1,0,0,0,1.0000
full_physics_violation_audit,combined_violation_shift,0,11,1,1,848.073303,134.346895,1,1,0,0,0,1.0000
full_physics_violation_audit,combined_violation_shift,1,0,1,1,780.438477,134.346895,1,1,0,0,0,1.0000
full_physics_violation_audit,combined_violation_shift,1,1,1,1,614.595398,134.346895,1,1,0,0,0,1.0000
full_physics_violation_audit,combined_violation_shift,1,2,1,1,631.977295,134.346895,1,1,0,0,0,1.0000
full_physics_violation_audit,combined_violation_shift,1,3,1,1,1122.791992,134.346895,1,1,0,0,0,1.0000
full_physics_violation_audit,combined_violation_shift,1,4,1,1,531.460876,134.346895,1,1,0,0,0,1.0000
full_physics_violation_audit,combined_violation_shift,1,5,1,1,1109.161011,134.346895,1,1,0,0,0,1.0000
full_physics_violation_audit,combined_violation_shift,1,6,1,1,1464.846924,134.346895,1,1,0,0,0,1.0000
full_physics_violation_audit,combined_violation_shift,1,7,1,1,1387.165405,134.346895,1,1,0,0,0,1.0000
full_physics_violation_audit,combined_violation_shift,1,8,1,1,1524.170898,134.346895,1,1,0,0,0,1.0000
full_physics_violation_audit,combined_violation_shift,1,9,1,1,531.699219,134.346895,1,1,0,0,0,1.0000
full_physics_violation_audit,combined_violation_shift,1,10,1,1,1412.290894,134.346895,1,1,0,0,0,1.0000
full_physics_violation_audit,combined_violation_shift,1,11,1,1,678.266235,134.346895,1,1,0,0,0,1.0000
full_physics_violation_audit,combined_violation_shift,2,0,1,1,674.885315,134.346895,1,1,0,0,0,1.0000
full_physics_violation_audit,combined_violation_shift,2,1,1,1,843.117310,134.346895,1,1,0,0,0,1.0000
full_physics_violation_audit,combined_violation_shift,2,2,1,1,562.658081,134.346895,1,1,0,0,0,1.0000
full_physics_violation_audit,combined_violation_shift,2,3,1,1,1180.390259,134.346895,1,1,0,0,0,1.0000
full_physics_violation_audit,combined_violation_shift,2,4,1,1,555.611023,134.346895,1,1,0,0,0,1.0000
full_physics_violation_audit,combined_violation_shift,2,5,1,1,695.256714,134.346895,1,1,0,0,0,1.0000
full_physics_violation_audit,combined_violation_shift,2,6,1,1,496.592163,134.346895,1,1,0,0,0,1.0000
full_physics_violation_audit,combined_violation_shift,2,7,1,1,474.169342,134.346895,1,1,0,0,0,1.0000
full_physics_violation_audit,combined_violation_shift,2,8,1,1,914.961060,134.346895,1,1,0,0,0,1.0000
full_physics_violation_audit,combined_violation_shift,2,9,1,1,884.584045,134.346895,1,1,0,0,0,1.0000
full_physics_violation_audit,combined_violation_shift,2,10,1,1,614.811523,134.346895,1,1,0,0,0,1.0000
full_physics_violation_audit,combined_violation_shift,2,11,1,1,1480.870483,134.346895,1,1,0,0,0,1.0000
full_physics_violation_audit,combined_violation_shift,3,0,1,1,793.231323,134.346895,1,1,0,0,0,1.0000
full_physics_violation_audit,combined_violation_shift,3,1,1,1,1021.728577,134.346895,1,1,0,0,0,1.0000
full_physics_violation_audit,combined_violation_shift,3,2,1,1,1644.252319,134.346895,1,1,0,0,0,1.0000
full_physics_violation_audit,combined_violation_shift,3,3,1,1,1806.862061,134.346895,1,1,0,0,0,1.0000
full_physics_violation_audit,combined_violation_shift,3,4,1,1,500.674957,134.346895,1,1,0,0,0,1.0000
full_physics_violation_audit,combined_violation_shift,3,5,1,1,636.947876,134.346895,1,1,0,0,0,1.0000
full_physics_violation_audit,combined_violation_shift,3,6,1,1,701.207397,134.346895,1,1,0,0,0,1.0000
full_physics_violation_audit,combined_violation_shift,3,7,1,1,1545.216064,134.346895,1,1,0,0,0,1.0000
full_physics_violation_audit,combined_violation_shift,3,8,1,1,576.345276,134.346895,1,1,0,0,0,1.0000
full_physics_violation_audit,combined_violation_shift,3,9,1,1,1157.708984,134.346895,1,1,0,0,0,1.0000
full_physics_violation_audit,combined_violation_shift,3,10,1,1,861.695068,134.346895,1,1,0,0,0,1.0000
full_physics_violation_audit,combined_violation_shift,3,11,1,1,1222.952881,134.346895,1,1,0,0,0,1.0000
full_physics_violation_audit,combined_violation_shift,4,0,1,1,585.553894,134.346895,1,1,0,0,0,1.0000
full_physics_violation_audit,combined_violation_shift,4,1,1,1,487.003510,134.346895,1,1,0,0,0,1.0000
full_physics_violation_audit,combined_violation_shift,4,2,1,1,1247.302124,134.346895,1,1,0,0,0,1.0000
full_physics_violation_audit,combined_violation_shift,4,3,1,1,574.273132,134.346895,1,1,0,0,0,1.0000
full_physics_violation_audit,combined_violation_shift,4,4,1,1,608.133057,134.346895,1,1,0,0,0,1.0000
full_physics_violation_audit,combined_violation_shift,4,5,1,1,556.285156,134.346895,1,1,0,0,0,1.0000
full_physics_violation_audit,combined_violation_shift,4,6,1,1,757.377258,134.346895,1,1,0,0,0,1.0000
full_physics_violation_audit,combined_violation_shift,4,7,1,1,588.146790,134.346895,1,1,0,0,0,1.0000
full_physics_violation_audit,combined_violation_shift,4,8,1,1,659.885071,134.346895,1,1,0,0,0,1.0000
full_physics_violation_audit,combined_violation_shift,4,9,1,1,477.933685,134.346895,1,1,0,0,0,1.0000
full_physics_violation_audit,combined_violation_shift,4,10,1,1,681.656677,134.346895,1,1,0,0,0,1.0000
full_physics_violation_audit,combined_violation_shift,4,11,1,1,889.022034,134.346895,1,1,0,0,0,1.0000
no_contact_check,combined_violation_shift,0,0,1,1,1154.646850,134.346895,1,1,0,0,0,1.0000
no_contact_check,combined_violation_shift,0,1,1,1,512.759230,134.346895,1,1,0,0,0,1.0000
no_contact_check,combined_violation_shift,0,2,1,1,1629.319613,134.346895,1,1,0,0,0,1.0000
no_contact_check,combined_violation_shift,0,3,1,1,1282.526684,134.346895,1,1,0,0,0,1.0000
no_contact_check,combined_violation_shift,0,4,1,1,528.259399,134.346895,1,1,0,0,0,1.0000
no_contact_check,combined_violation_shift,0,5,1,1,911.647084,134.346895,1,1,0,0,0,1.0000
no_contact_check,combined_violation_shift,0,6,1,1,596.317722,134.346895,1,1,0,0,0,1.0000
no_contact_check,combined_violation_shift,0,7,1,1,599.178651,134.346895,1,1,0,0,0,1.0000
no_contact_check,combined_violation_shift,0,8,1,1,585.768046,134.346895,1,1,0,0,0,1.0000
no_contact_check,combined_violation_shift,0,9,1,1,953.509396,134.346895,1,1,0,0,0,1.0000
no_contact_check,combined_violation_shift,0,10,1,1,1501.055293,134.346895,1,1,0,0,0,1.0000
no_contact_check,combined_violation_shift,0,11,1,1,847.978011,134.346895,1,1,0,0,0,1.0000
no_contact_check,combined_violation_shift,1,0,1,1,780.344695,134.346895,1,1,0,0,0,1.0000
no_contact_check,combined_violation_shift,1,1,1,1,614.501659,134.346895,1,1,0,0,0,1.0000
no_contact_check,combined_violation_shift,1,2,1,1,631.878563,134.346895,1,1,0,0,0,1.0000
no_contact_check,combined_violation_shift,1,3,1,1,1122.697366,134.346895,1,1,0,0,0,1.0000
no_contact_check,combined_violation_shift,1,4,1,1,531.367115,134.346895,1,1,0,0,0,1.0000
no_contact_check,combined_violation_shift,1,5,1,1,1109.065071,134.346895,1,1,0,0,0,1.0000
no_contact_check,combined_violation_shift,1,6,1,1,1464.749587,134.346895,1,1,0,0,0,1.0000
no_contact_check,combined_violation_shift,1,7,1,1,1387.068119,134.346895,1,1,0,0,0,1.0000
no_contact_check,combined_violation_shift,1,8,1,1,1524.074092,134.346895,1,1,0,0,0,1.0000
no_contact_check,combined_violation_shift,1,9,1,1,531.605445,134.346895,1,1,0,0,0,1.0000
no_contact_check,combined_violation_shift,1,10,1,1,1412.193931,134.346895,1,1,0,0,0,1.0000
no_contact_check,combined_violation_shift,1,11,1,1,678.169891,134.346895,1,1,0,0,0,1.0000
no_contact_check,combined_violation_shift,2,0,1,1,674.781067,134.346895,1,1,0,0,0,1.0000
no_contact_check,combined_violation_shift,2,1,1,1,843.021340,134.346895,1,1,0,0,0,1.0000
no_contact_check,combined_violation_shift,2,2,1,1,562.564312,134.346895,1,1,0,0,0,1.0000
no_contact_check,combined_violation_shift,2,3,1,1,1180.294741,134.346895,1,1,0,0,0,1.0000
no_contact_check,combined_violation_shift,2,4,1,1,555.511728,134.346895,1,1,0,0,0,1.0000
no_contact_check,combined_violation_shift,2,5,1,1,695.160526,134.346895,1,1,0,0,0,1.0000
no_contact_check,combined_violation_shift,2,6,1,1,496.497918,134.346895,1,1,0,0,0,1.0000
no_contact_check,combined_violation_shift,2,7,1,1,474.064576,134.346895,1,1,0,0,0,1.0000
no_contact_check,combined_violation_shift,2,8,1,1,914.865589,134.346895,1,1,0,0,0,1.0000
no_contact_check,combined_violation_shift,2,9,1,1,884.487062,134.346895,1,1,0,0,0,1.0000
no_contact_check,combined_violation_shift,2,10,1,1,614.717760,134.346895,1,1,0,0,0,1.0000
no_contact_check,combined_violation_shift,2,11,1,1,1480.772870,134.346895,1,1,0,0,0,1.0000
no_contact_check,combined_violation_shift,3,0,1,1,793.135532,134.346895,1,1,0,0,0,1.0000
no_contact_check,combined_violation_shift,3,1,1,1,1021.631512,134.346895,1,1,0,0,0,1.0000
no_contact_check,combined_violation_shift,3,2,1,1,1644.154529,134.346895,1,1,0,0,0,1.0000
no_contact_check,combined_violation_shift,3,3,1,1,1806.765774,134.346895,1,1,0,0,0,1.0000
no_contact_check,combined_violation_shift,3,4,1,1,500.579958,134.346895,1,1,0,0,0,1.0000
no_contact_check,combined_violation_shift,3,5,1,1,636.854106,134.346895,1,1,0,0,0,1.0000
no_contact_check,combined_violation_shift,3,6,1,1,701.112610,134.346895,1,1,0,0,0,1.0000
no_contact_check,combined_violation_shift,3,7,1,1,1545.119428,134.346895,1,1,0,0,0,1.0000
no_contact_check,combined_violation_shift,3,8,1,1,576.247211,134.346895,1,1,0,0,0,1.0000
no_contact_check,combined_violation_shift,3,9,1,1,1157.611298,134.346895,1,1,0,0,0,1.0000
no_contact_check,combined_violation_shift,3,10,1,1,861.599330,134.346895,1,1,0,0,0,1.0000
no_contact_check,combined_violation_shift,3,11,1,1,1222.856538,134.346895,1,1,0,0,0,1.0000
no_contact_check,combined_violation_shift,4,0,1,1,585.457642,134.346895,1,1,0,0,0,1.0000
no_contact_check,combined_violation_shift,4,1,1,1,486.898766,134.346895,1,1,0,0,0,1.0000
no_contact_check,combined_violation_shift,4,2,1,1,1247.206008,134.346895,1,1,0,0,0,1.0000
no_contact_check,combined_violation_shift,4,3,1,1,574.178016,134.346895,1,1,0,0,0,1.0000
no_contact_check,combined_violation_shift,4,4,1,1,608.039088,134.346895,1,1,0,0,0,1.0000
no_contact_check,combined_violation_shift,4,5,1,1,556.186395,134.346895,1,1,0,0,0,1.0000
no_contact_check,combined_violation_shift,4,6,1,1,757.281512,134.346895,1,1,0,0,0,1.0000
no_contact_check,combined_violation_shift,4,7,1,1,588.051051,134.346895,1,1,0,0,0,1.0000
no_contact_check,combined_violation_shift,4,8,1,1,659.791304,134.346895,1,1,0,0,0,1.0000
no_contact_check,combined_violation_shift,4,9,1,1,477.839909,134.346895,1,1,0,0,0,1.0000
no_contact_check,combined_violation_shift,4,10,1,1,681.560555,134.346895,1,1,0,0,0,1.0000
no_contact_check,combined_violation_shift,4,11,1,1,888.927439,134.346895,1,1,0,0,0,1.0000
no_support_check,combined_violation_shift,0,0,1,1,1154.579731,134.346895,1,1,0,0,0,1.0000
no_support_check,combined_violation_shift,0,1,1,1,512.689936,134.346895,1,1,0,0,0,1.0000
no_support_check,combined_violation_shift,0,2,1,1,1629.254238,134.346895,1,1,0,0,0,1.0000
no_support_check,combined_violation_shift,0,3,1,1,1282.461394,134.346895,1,1,0,0,0,1.0000
no_support_check,combined_violation_shift,0,4,1,1,528.190106,134.346895,1,1,0,0,0,1.0000
no_support_check,combined_violation_shift,0,5,1,1,911.581259,134.346895,1,1,0,0,0,1.0000
no_support_check,combined_violation_shift,0,6,1,1,596.251626,134.346895,1,1,0,0,0,1.0000
no_support_check,combined_violation_shift,0,7,1,1,599.116595,134.346895,1,1,0,0,0,1.0000
no_support_check,combined_violation_shift,0,8,1,1,585.701640,134.346895,1,1,0,0,0,1.0000
no_support_check,combined_violation_shift,0,9,1,1,953.442146,134.346895,1,1,0,0,0,1.0000
no_support_check,combined_violation_shift,0,10,1,1,1500.987837,134.346895,1,1,0,0,0,1.0000
no_support_check,combined_violation_shift,0,11,1,1,847.910283,134.346895,1,1,0,0,0,1.0000
no_support_check,combined_violation_shift,1,0,1,1,780.275402,134.346895,1,1,0,0,0,1.0000
no_support_check,combined_violation_shift,1,1,1,1,614.432365,134.346895,1,1,0,0,0,1.0000
no_support_check,combined_violation_shift,1,2,1,1,631.814257,134.346895,1,1,0,0,0,1.0000
no_support_check,combined_violation_shift,1,3,1,1,1122.628897,134.346895,1,1,0,0,0,1.0000
no_support_check,combined_violation_shift,1,4,1,1,531.297822,134.346895,1,1,0,0,0,1.0000
no_support_check,combined_violation_shift,1,5,1,1,1108.997962,134.346895,1,1,0,0,0,1.0000
no_support_check,combined_violation_shift,1,6,1,1,1464.683837,134.346895,1,1,0,0,0,1.0000
no_support_check,combined_violation_shift,1,7,1,1,1387.002351,134.346895,1,1,0,0,0,1.0000
no_support_check,combined_violation_shift,1,8,1,1,1524.007826,134.346895,1,1,0,0,0,1.0000
no_support_check,combined_violation_shift,1,9,1,1,531.536151,134.346895,1,1,0,0,0,1.0000
no_support_check,combined_violation_shift,1,10,1,1,1412.127797,134.346895,1,1,0,0,0,1.0000
no_support_check,combined_violation_shift,1,11,1,1,678.103167,134.346895,1,1,0,0,0,1.0000
no_support_check,combined_violation_shift,2,0,1,1,674.722255,134.346895,1,1,0,0,0,1.0000
no_support_check,combined_violation_shift,2,1,1,1,842.954278,134.346895,1,1,0,0,0,1.0000
no_support_check,combined_violation_shift,2,2,1,1,562.495018,134.346895,1,1,0,0,0,1.0000
no_support_check,combined_violation_shift,2,3,1,1,1180.227173,134.346895,1,1,0,0,0,1.0000
no_support_check,combined_violation_shift,2,4,1,1,555.447947,134.346895,1,1,0,0,0,1.0000
no_support_check,combined_violation_shift,2,5,1,1,695.093633,134.346895,1,1,0,0,0,1.0000
no_support_check,combined_violation_shift,2,6,1,1,496.429131,134.346895,1,1,0,0,0,1.0000
no_support_check,combined_violation_shift,2,7,1,1,474.006298,134.346895,1,1,0,0,0,1.0000
no_support_check,combined_violation_shift,2,8,1,1,914.798030,134.346895,1,1,0,0,0,1.0000
no_support_check,combined_violation_shift,2,9,1,1,884.420985,134.346895,1,1,0,0,0,1.0000
no_support_check,combined_violation_shift,2,10,1,1,614.648485,134.346895,1,1,0,0,0,1.0000
no_support_check,combined_violation_shift,2,11,1,1,1480.707495,134.346895,1,1,0,0,0,1.0000
no_support_check,combined_violation_shift,3,0,1,1,793.068264,134.346895,1,1,0,0,0,1.0000
no_support_check,combined_violation_shift,3,1,1,1,1021.565528,134.346895,1,1,0,0,0,1.0000
no_support_check,combined_violation_shift,3,2,1,1,1644.089258,134.346895,1,1,0,0,0,1.0000
no_support_check,combined_violation_shift,3,3,1,1,1806.699077,134.346895,1,1,0,0,0,1.0000
no_support_check,combined_violation_shift,3,4,1,1,500.511902,134.346895,1,1,0,0,0,1.0000
no_support_check,combined_violation_shift,3,5,1,1,636.784813,134.346895,1,1,0,0,0,1.0000
no_support_check,combined_violation_shift,3,6,1,1,701.044367,134.346895,1,1,0,0,0,1.0000
no_support_check,combined_violation_shift,3,7,1,1,1545.052966,134.346895,1,1,0,0,0,1.0000
no_support_check,combined_violation_shift,3,8,1,1,576.182192,134.346895,1,1,0,0,0,1.0000
no_support_check,combined_violation_shift,3,9,1,1,1157.545895,134.346895,1,1,0,0,0,1.0000
no_support_check,combined_violation_shift,3,10,1,1,861.532033,134.346895,1,1,0,0,0,1.0000
no_support_check,combined_violation_shift,3,11,1,1,1222.789851,134.346895,1,1,0,0,0,1.0000
no_support_check,combined_violation_shift,4,0,1,1,585.390889,134.346895,1,1,0,0,0,1.0000
no_support_check,combined_violation_shift,4,1,1,1,486.840469,134.346895,1,1,0,0,0,1.0000
no_support_check,combined_violation_shift,4,2,1,1,1247.139040,134.346895,1,1,0,0,0,1.0000
no_support_check,combined_violation_shift,4,3,1,1,574.110092,134.346895,1,1,0,0,0,1.0000
no_support_check,combined_violation_shift,4,4,1,1,607.970020,134.346895,1,1,0,0,0,1.0000
no_support_check,combined_violation_shift,4,5,1,1,556.122070,134.346895,1,1,0,0,0,1.0000
no_support_check,combined_violation_shift,4,6,1,1,757.214168,134.346895,1,1,0,0,0,1.0000
no_support_check,combined_violation_shift,4,7,1,1,587.983698,134.346895,1,1,0,0,0,1.0000
no_support_check,combined_violation_shift,4,8,1,1,659.722010,134.346895,1,1,0,0,0,1.0000
no_support_check,combined_violation_shift,4,9,1,1,477.770616,134.346895,1,1,0,0,0,1.0000
no_support_check,combined_violation_shift,4,10,1,1,681.493633,134.346895,1,1,0,0,0,1.0000
no_support_check,combined_violation_shift,4,11,1,1,888.859008,134.346895,1,1,0,0,0,1.0000
no_energy_check,combined_violation_shift,0,0,1,1,1154.293681,134.346895,1,1,0,0,0,1.0000
no_energy_check,combined_violation_shift,0,1,1,1,512.344855,134.346895,1,1,0,0,0,1.0000
no_energy_check,combined_violation_shift,0,2,1,1,1629.030753,134.346895,1,1,0,0,0,1.0000
no_energy_check,combined_violation_shift,0,3,1,1,1282.134637,134.346895,1,1,0,0,0,1.0000
no_energy_check,combined_violation_shift,0,4,1,1,527.749514,134.346895,1,1,0,0,0,1.0000
no_energy_check,combined_violation_shift,0,5,1,1,911.211554,134.346895,1,1,0,0,0,1.0000
no_energy_check,combined_violation_shift,0,6,1,1,595.769232,134.346895,1,1,0,0,0,1.0000
no_energy_check,combined_violation_shift,0,7,1,1,598.757088,134.346895,1,1,0,0,0,1.0000
no_energy_check,combined_violation_shift,0,8,1,1,585.476125,134.346895,1,1,0,0,0,1.0000
no_energy_check,combined_violation_shift,0,9,1,1,953.054563,134.346895,1,1,0,0,0,1.0000
no_energy_check,combined_violation_shift,0,10,1,1,1500.783102,134.346895,1,1,0,0,0,1.0000
no_energy_check,combined_violation_shift,0,11,1,1,847.653408,134.346895,1,1,0,0,0,1.0000
no_energy_check,combined_violation_shift,1,0,1,1,779.791242,134.346895,1,1,0,0,0,1.0000
no_energy_check,combined_violation_shift,1,1,1,1,614.073015,134.346895,1,1,0,0,0,1.0000
no_energy_check,combined_violation_shift,1,2,1,1,631.398974,134.346895,1,1,0,0,0,1.0000
no_energy_check,combined_violation_shift,1,3,1,1,1122.261189,134.346895,1,1,0,0,0,1.0000
no_energy_check,combined_violation_shift,1,4,1,1,531.012042,134.346895,1,1,0,0,0,1.0000
no_energy_check,combined_violation_shift,1,5,1,1,1108.656640,134.346895,1,1,0,0,0,1.0000
no_energy_check,combined_violation_shift,1,6,1,1,1464.259832,134.346895,1,1,0,0,0,1.0000
no_energy_check,combined_violation_shift,1,7,1,1,1386.718972,134.346895,1,1,0,0,0,1.0000
no_energy_check,combined_violation_shift,1,8,1,1,1523.539568,134.346895,1,1,0,0,0,1.0000
no_energy_check,combined_violation_shift,1,9,1,1,531.270305,134.346895,1,1,0,0,0,1.0000
no_energy_check,combined_violation_shift,1,10,1,1,1411.806175,134.346895,1,1,0,0,0,1.0000
no_energy_check,combined_violation_shift,1,11,1,1,677.646755,134.346895,1,1,0,0,0,1.0000
no_energy_check,combined_violation_shift,2,0,1,1,674.440454,134.346895,1,1,0,0,0,1.0000
no_energy_check,combined_violation_shift,2,1,1,1,842.648026,134.346895,1,1,0,0,0,1.0000
no_energy_check,combined_violation_shift,2,2,1,1,562.199708,134.346895,1,1,0,0,0,1.0000
no_energy_check,combined_violation_shift,2,3,1,1,1179.804284,134.346895,1,1,0,0,0,1.0000
no_energy_check,combined_violation_shift,2,4,1,1,555.253584,134.346895,1,1,0,0,0,1.0000
no_energy_check,combined_violation_shift,2,5,1,1,694.874058,134.346895,1,1,0,0,0,1.0000
no_energy_check,combined_violation_shift,2,6,1,1,496.121599,134.346895,1,1,0,0,0,1.0000
no_energy_check,combined_violation_shift,2,7,1,1,473.731632,134.346895,1,1,0,0,0,1.0000
no_energy_check,combined_violation_shift,2,8,1,1,914.396941,134.346895,1,1,0,0,0,1.0000
no_energy_check,combined_violation_shift,2,9,1,1,883.933205,134.346895,1,1,0,0,0,1.0000
no_energy_check,combined_violation_shift,2,10,1,1,614.423725,134.346895,1,1,0,0,0,1.0000
no_energy_check,combined_violation_shift,2,11,1,1,1480.394328,134.346895,1,1,0,0,0,1.0000
no_energy_check,combined_violation_shift,3,0,1,1,792.875112,134.346895,1,1,0,0,0,1.0000
no_energy_check,combined_violation_shift,3,1,1,1,1021.242106,134.346895,1,1,0,0,0,1.0000
no_energy_check,combined_violation_shift,3,2,1,1,1643.673984,134.346895,1,1,0,0,0,1.0000
no_energy_check,combined_violation_shift,3,3,1,1,1806.438577,134.346895,1,1,0,0,0,1.0000
no_energy_check,combined_violation_shift,3,4,1,1,500.274823,134.346895,1,1,0,0,0,1.0000
no_energy_check,combined_violation_shift,3,5,1,1,636.470826,134.346895,1,1,0,0,0,1.0000
no_energy_check,combined_violation_shift,3,6,1,1,700.812680,134.346895,1,1,0,0,0,1.0000
no_energy_check,combined_violation_shift,3,7,1,1,1544.844383,134.346895,1,1,0,0,0,1.0000
no_energy_check,combined_violation_shift,3,8,1,1,575.834427,134.346895,1,1,0,0,0,1.0000
no_energy_check,combined_violation_shift,3,9,1,1,1157.158182,134.346895,1,1,0,0,0,1.0000
no_energy_check,combined_violation_shift,3,10,1,1,861.179588,134.346895,1,1,0,0,0,1.0000
no_energy_check,combined_violation_shift,3,11,1,1,1222.576041,134.346895,1,1,0,0,0,1.0000
no_energy_check,combined_violation_shift,4,0,1,1,585.101591,134.346895,1,1,0,0,0,1.0000
no_energy_check,combined_violation_shift,4,1,1,1,486.543128,134.346895,1,1,0,0,0,1.0000
no_energy_check,combined_violation_shift,4,2,1,1,1246.931783,134.346895,1,1,0,0,0,1.0000
no_energy_check,combined_violation_shift,4,3,1,1,573.589037,134.346895,1,1,0,0,0,1.0000
no_energy_check,combined_violation_shift,4,4,1,1,607.607748,134.346895,1,1,0,0,0,1.0000
no_energy_check,combined_violation_shift,4,5,1,1,555.813378,134.346895,1,1,0,0,0,1.0000
no_energy_check,combined_violation_shift,4,6,1,1,756.709317,134.346895,1,1,0,0,0,1.0000
no_energy_check,combined_violation_shift,4,7,1,1,587.543973,134.346895,1,1,0,0,0,1.0000
no_energy_check,combined_violation_shift,4,8,1,1,659.297684,134.346895,1,1,0,0,0,1.0000
no_energy_check,combined_violation_shift,4,9,1,1,477.325814,134.346895,1,1,0,0,0,1.0000
no_energy_check,combined_violation_shift,4,10,1,1,681.317155,134.346895,1,1,0,0,0,1.0000
no_energy_check,combined_violation_shift,4,11,1,1,888.677581,134.346895,1,1,0,0,0,1.0000
no_friction_slip_check,combined_violation_shift,0,0,1,1,11.093952,134.346895,0,0,0,1,0,1.0000
no_friction_slip_check,combined_violation_shift,0,1,1,1,10.952443,134.346895,0,0,0,1,0,1.0000
no_friction_slip_check,combined_violation_shift,0,2,1,1,10.586584,134.346895,0,0,0,1,0,1.0000
no_friction_slip_check,combined_violation_shift,0,3,1,1,10.563877,134.346895,0,0,0,1,0,1.0000
no_friction_slip_check,combined_violation_shift,0,4,1,1,11.330457,134.346895,0,0,0,1,0,1.0000
no_friction_slip_check,combined_violation_shift,0,5,1,1,10.943829,134.346895,0,0,0,1,0,1.0000
no_friction_slip_check,combined_violation_shift,0,6,1,1,12.133511,134.346895,0,0,0,1,0,1.0000
no_friction_slip_check,combined_violation_shift,0,7,1,1,11.341123,134.346895,0,0,0,1,0,1.0000
no_friction_slip_check,combined_violation_shift,0,8,1,1,11.756371,134.346895,0,0,0,1,0,1.0000
no_friction_slip_check,combined_violation_shift,0,9,1,1,11.787501,134.346895,0,0,0,1,0,1.0000
no_friction_slip_check,combined_violation_shift,0,10,1,1,10.930145,134.346895,0,0,0,1,0,1.0000
no_friction_slip_check,combined_violation_shift,0,11,1,1,10.973318,134.346895,0,0,0,1,0,1.0000
no_friction_slip_check,combined_violation_shift,1,0,1,1,10.965804,134.346895,0,0,0,1,0,1.0000
no_friction_slip_check,combined_violation_shift,1,1,1,1,11.483232,134.346895,0,0,0,1,0,1.0000
no_friction_slip_check,combined_violation_shift,1,2,1,1,10.862984,134.346895,0,0,0,1,0,1.0000
no_friction_slip_check,combined_violation_shift,1,3,1,1,11.709054,134.346895,0,0,0,1,0,1.0000
no_friction_slip_check,combined_violation_shift,1,4,1,1,11.067534,134.346895,0,0,0,1,0,1.0000
no_friction_slip_check,combined_violation_shift,1,5,1,1,11.681535,134.346895,0,0,0,1,0,1.0000
no_friction_slip_check,combined_violation_shift,1,6,1,1,11.513671,134.346895,0,0,0,1,0,1.0000
no_friction_slip_check,combined_violation_shift,1,7,1,1,11.635931,134.346895,0,0,0,1,0,1.0000
no_friction_slip_check,combined_violation_shift,1,8,1,1,11.419197,134.346895,0,0,0,1,0,1.0000
no_friction_slip_check,combined_violation_shift,1,9,1,1,11.782396,134.346895,0,0,0,1,0,1.0000
no_friction_slip_check,combined_violation_shift,1,10,1,1,11.308697,134.346895,0,0,0,1,0,1.0000
no_friction_slip_check,combined_violation_shift,1,11,1,1,10.988740,134.346895,0,0,0,1,0,1.0000
no_friction_slip_check,combined_violation_shift,2,0,1,1,11.429958,134.346895,0,0,0,1,0,1.0000
no_friction_slip_check,combined_violation_shift,2,1,1,1,11.910169,134.346895,0,0,0,1,0,1.0000
no_friction_slip_check,combined_violation_shift,2,2,1,1,11.757969,134.346895,0,0,0,1,0,1.0000
no_friction_slip_check,combined_violation_shift,2,3,1,1,12.106462,134.346895,0,0,0,1,0,1.0000
no_friction_slip_check,combined_violation_shift,2,4,1,1,10.907318,134.346895,0,0,0,1,0,1.0000
no_friction_slip_check,combined_violation_shift,2,5,1,1,11.014135,134.346895,0,0,0,1,0,1.0000
no_friction_slip_check,combined_violation_shift,2,6,1,1,11.015758,134.346895,0,0,0,1,0,1.0000
no_friction_slip_check,combined_violation_shift,2,7,1,1,10.602610,134.346895,0,0,0,1,0,1.0000
no_friction_slip_check,combined_violation_shift,2,8,1,1,11.196885,134.346895,0,0,0,1,0,1.0000
no_friction_slip_check,combined_violation_shift,2,9,1,1,10.939816,134.346895,0,0,0,1,0,1.0000
no_friction_slip_check,combined_violation_shift,2,10,1,1,10.890482,134.346895,0,0,0,1,0,1.0000
no_friction_slip_check,combined_violation_shift,2,11,1,1,11.308929,134.346895,0,0,0,1,0,1.0000
no_friction_slip_check,combined_violation_shift,3,0,1,1,11.573078,134.346895,0,0,0,1,0,1.0000
no_friction_slip_check,combined_violation_shift,3,1,1,1,10.884849,134.346895,0,0,0,1,0,1.0000
no_friction_slip_check,combined_violation_shift,3,2,1,1,11.451272,134.346895,0,0,0,1,0,1.0000
no_friction_slip_check,combined_violation_shift,3,3,1,1,11.817433,134.346895,0,0,0,1,0,1.0000
no_friction_slip_check,combined_violation_shift,3,4,1,1,10.675346,134.346895,0,0,0,1,0,1.0000
no_friction_slip_check,combined_violation_shift,3,5,1,1,10.792037,134.346895,0,0,0,1,0,1.0000
no_friction_slip_check,combined_violation_shift,3,6,1,1,10.945444,134.346895,0,0,0,1,0,1.0000
no_friction_slip_check,combined_violation_shift,3,7,1,1,11.341041,134.346895,0,0,0,1,0,1.0000
no_friction_slip_check,combined_violation_shift,3,8,1,1,11.044520,134.346895,0,0,0,1,0,1.0000
no_friction_slip_check,combined_violation_shift,3,9,1,1,12.456051,134.346895,0,0,0,1,0,1.0000
no_friction_slip_check,combined_violation_shift,3,10,1,1,11.075987,134.346895,0,0,0,1,0,1.0000
no_friction_slip_check,combined_violation_shift,3,11,1,1,11.388461,134.346895,0,0,0,1,0,1.0000
no_friction_slip_check,combined_violation_shift,4,0,1,1,10.790914,134.346895,0,0,0,1,0,1.0000
no_friction_slip_check,combined_violation_shift,4,1,1,1,10.626425,134.346895,0,0,0,1,0,1.0000
no_friction_slip_check,combined_violation_shift,4,2,1,1,10.655063,134.346895,0,0,0,1,0,1.0000
no_friction_slip_check,combined_violation_shift,4,3,1,1,11.282862,134.346895,0,0,0,1,0,1.0000
no_friction_slip_check,combined_violation_shift,4,4,1,1,10.955971,134.346895,0,0,0,1,0,1.0000
no_friction_slip_check,combined_violation_shift,4,5,1,1,11.040948,134.346895,0,0,0,1,0,1.0000
no_friction_slip_check,combined_violation_shift,4,6,1,1,11.286495,134.346895,0,0,0,1,0,1.0000
no_friction_slip_check,combined_violation_shift,4,7,1,1,10.986705,134.346895,0,0,0,1,0,1.0000
no_friction_slip_check,combined_violation_shift,4,8,1,1,11.391125,134.346895,0,0,0,1,0,1.0000
no_friction_slip_check,combined_violation_shift,4,9,1,1,10.697337,134.346895,0,0,0,1,0,1.0000
no_friction_slip_check,combined_violation_shift,4,10,1,1,11.009435,134.346895,0,0,0,1,0,1.0000
no_friction_slip_check,combined_violation_shift,4,11,1,1,11.023511,134.346895,0,0,0,1,0,1.0000
no_actuator_check,combined_violation_shift,0,0,1,1,1153.858355,134.346895,1,1,0,0,0,1.0000
no_actuator_check,combined_violation_shift,0,1,1,1,511.997356,134.346895,1,1,0,0,0,1.0000
no_actuator_check,combined_violation_shift,0,2,1,1,1628.588327,134.346895,1,1,0,0,0,1.0000
no_actuator_check,combined_violation_shift,0,3,1,1,1281.809926,134.346895,1,1,0,0,0,1.0000
no_actuator_check,combined_violation_shift,0,4,1,1,527.579532,134.346895,1,1,0,0,0,1.0000
no_actuator_check,combined_violation_shift,0,5,1,1,910.867970,134.346895,1,1,0,0,0,1.0000
no_actuator_check,combined_violation_shift,0,6,1,1,595.596808,134.346895,1,1,0,0,0,1.0000
no_actuator_check,combined_violation_shift,0,7,1,1,598.357449,134.346895,1,1,0,0,0,1.0000
no_actuator_check,combined_violation_shift,0,8,1,1,585.046396,134.346895,1,1,0,0,0,1.0000
no_actuator_check,combined_violation_shift,0,9,1,1,952.761172,134.346895,1,1,0,0,0,1.0000
no_actuator_check,combined_violation_shift,0,10,1,1,1500.274369,134.346895,1,1,0,0,0,1.0000
no_actuator_check,combined_violation_shift,0,11,1,1,847.163462,134.346895,1,1,0,0,0,1.0000
no_actuator_check,combined_violation_shift,1,0,1,1,779.595998,134.346895,1,1,0,0,0,1.0000
no_actuator_check,combined_violation_shift,1,1,1,1,613.672991,134.346895,1,1,0,0,0,1.0000
no_actuator_check,combined_violation_shift,1,2,1,1,631.189757,134.346895,1,1,0,0,0,1.0000
no_actuator_check,combined_violation_shift,1,3,1,1,1121.929173,134.346895,1,1,0,0,0,1.0000
no_actuator_check,combined_violation_shift,1,4,1,1,530.609771,134.346895,1,1,0,0,0,1.0000
no_actuator_check,combined_violation_shift,1,5,1,1,1108.330701,134.346895,1,1,0,0,0,1.0000
no_actuator_check,combined_violation_shift,1,6,1,1,1463.980635,134.346895,1,1,0,0,0,1.0000
no_actuator_check,combined_violation_shift,1,7,1,1,1386.295926,134.346895,1,1,0,0,0,1.0000
no_actuator_check,combined_violation_shift,1,8,1,1,1523.287848,134.346895,1,1,0,0,0,1.0000
no_actuator_check,combined_violation_shift,1,9,1,1,530.839225,134.346895,1,1,0,0,0,1.0000
no_actuator_check,combined_violation_shift,1,10,1,1,1411.411484,134.346895,1,1,0,0,0,1.0000
no_actuator_check,combined_violation_shift,1,11,1,1,677.483113,134.346895,1,1,0,0,0,1.0000
no_actuator_check,combined_violation_shift,2,0,1,1,674.063406,134.346895,1,1,0,0,0,1.0000
no_actuator_check,combined_violation_shift,2,1,1,1,842.268413,134.346895,1,1,0,0,0,1.0000
no_actuator_check,combined_violation_shift,2,2,1,1,561.812689,134.346895,1,1,0,0,0,1.0000
no_actuator_check,combined_violation_shift,2,3,1,1,1179.541043,134.346895,1,1,0,0,0,1.0000
no_actuator_check,combined_violation_shift,2,4,1,1,554.707326,134.346895,1,1,0,0,0,1.0000
no_actuator_check,combined_violation_shift,2,5,1,1,694.382183,134.346895,1,1,0,0,0,1.0000
no_actuator_check,combined_violation_shift,2,6,1,1,495.702170,134.346895,1,1,0,0,0,1.0000
no_actuator_check,combined_violation_shift,2,7,1,1,473.359175,134.346895,1,1,0,0,0,1.0000
no_actuator_check,combined_violation_shift,2,8,1,1,914.153071,134.346895,1,1,0,0,0,1.0000
no_actuator_check,combined_violation_shift,2,9,1,1,883.726928,134.346895,1,1,0,0,0,1.0000
no_actuator_check,combined_violation_shift,2,10,1,1,613.999847,134.346895,1,1,0,0,0,1.0000
no_actuator_check,combined_violation_shift,2,11,1,1,1480.042142,134.346895,1,1,0,0,0,1.0000
no_actuator_check,combined_violation_shift,3,0,1,1,792.352042,134.346895,1,1,0,0,0,1.0000
no_actuator_check,combined_violation_shift,3,1,1,1,1020.847274,134.346895,1,1,0,0,0,1.0000
no_actuator_check,combined_violation_shift,3,2,1,1,1643.405123,134.346895,1,1,0,0,0,1.0000
no_actuator_check,combined_violation_shift,3,3,1,1,1805.976349,134.346895,1,1,0,0,0,1.0000
no_actuator_check,combined_violation_shift,3,4,1,1,499.791936,134.346895,1,1,0,0,0,1.0000
no_actuator_check,combined_violation_shift,3,5,1,1,636.175565,134.346895,1,1,0,0,0,1.0000
no_actuator_check,combined_violation_shift,3,6,1,1,700.360801,134.346895,1,1,0,0,0,1.0000
no_actuator_check,combined_violation_shift,3,7,1,1,1544.391142,134.346895,1,1,0,0,0,1.0000
no_actuator_check,combined_violation_shift,3,8,1,1,575.492550,134.346895,1,1,0,0,0,1.0000
no_actuator_check,combined_violation_shift,3,9,1,1,1156.822325,134.346895,1,1,0,0,0,1.0000
no_actuator_check,combined_violation_shift,3,10,1,1,860.801319,134.346895,1,1,0,0,0,1.0000
no_actuator_check,combined_violation_shift,3,11,1,1,1222.082717,134.346895,1,1,0,0,0,1.0000
no_actuator_check,combined_violation_shift,4,0,1,1,584.611689,134.346895,1,1,0,0,0,1.0000
no_actuator_check,combined_violation_shift,4,1,1,1,486.157387,134.346895,1,1,0,0,0,1.0000
no_actuator_check,combined_violation_shift,4,2,1,1,1246.437189,134.346895,1,1,0,0,0,1.0000
no_actuator_check,combined_violation_shift,4,3,1,1,573.443562,134.346895,1,1,0,0,0,1.0000
no_actuator_check,combined_violation_shift,4,4,1,1,607.336421,134.346895,1,1,0,0,0,1.0000
no_actuator_check,combined_violation_shift,4,5,1,1,555.391614,134.346895,1,1,0,0,0,1.0000
no_actuator_check,combined_violation_shift,4,6,1,1,756.515497,134.346895,1,1,0,0,0,1.0000
no_actuator_check,combined_violation_shift,4,7,1,1,587.247685,134.346895,1,1,0,0,0,1.0000
no_actuator_check,combined_violation_shift,4,8,1,1,659.021040,134.346895,1,1,0,0,0,1.0000
no_actuator_check,combined_violation_shift,4,9,1,1,477.131960,134.346895,1,1,0,0,0,1.0000
no_actuator_check,combined_violation_shift,4,10,1,1,680.745693,134.346895,1,1,0,0,0,1.0000
no_actuator_check,combined_violation_shift,4,11,1,1,888.142311,134.346895,1,1,0,0,0,1.0000
no_causality_check,combined_violation_shift,0,0,1,1,1153.602598,134.346895,1,1,0,0,0,1.0000
no_causality_check,combined_violation_shift,0,1,1,1,511.733151,134.346895,1,1,0,0,0,1.0000
no_causality_check,combined_violation_shift,0,2,1,1,1628.324035,134.346895,1,1,0,0,0,1.0000
no_causality_check,combined_violation_shift,0,3,1,1,1281.544585,134.346895,1,1,0,0,0,1.0000
no_causality_check,combined_violation_shift,0,4,1,1,527.189580,134.346895,1,1,0,0,0,1.0000
no_causality_check,combined_violation_shift,0,5,1,1,910.631364,134.346895,1,1,0,0,0,1.0000
no_causality_check,combined_violation_shift,0,6,1,1,595.165442,134.346895,1,1,0,0,0,1.0000
no_causality_check,combined_violation_shift,0,7,1,1,598.123756,134.346895,1,1,0,0,0,1.0000
no_causality_check,combined_violation_shift,0,8,1,1,584.629902,134.346895,1,1,0,0,0,1.0000
no_causality_check,combined_violation_shift,0,9,1,1,952.389107,134.346895,1,1,0,0,0,1.0000
no_causality_check,combined_violation_shift,0,10,1,1,1500.019614,134.346895,1,1,0,0,0,1.0000
no_causality_check,combined_violation_shift,0,11,1,1,846.947105,134.346895,1,1,0,0,0,1.0000
no_causality_check,combined_violation_shift,1,0,1,1,779.332122,134.346895,1,1,0,0,0,1.0000
no_causality_check,combined_violation_shift,1,1,1,1,613.421613,134.346895,1,1,0,0,0,1.0000
no_causality_check,combined_violation_shift,1,2,1,1,630.869061,134.346895,1,1,0,0,0,1.0000
no_causality_check,combined_violation_shift,1,3,1,1,1121.584991,134.346895,1,1,0,0,0,1.0000
no_causality_check,combined_violation_shift,1,4,1,1,530.319566,134.346895,1,1,0,0,0,1.0000
no_causality_check,combined_violation_shift,1,5,1,1,1107.950459,134.346895,1,1,0,0,0,1.0000
no_causality_check,combined_violation_shift,1,6,1,1,1463.670876,134.346895,1,1,0,0,0,1.0000
no_causality_check,combined_violation_shift,1,7,1,1,1385.958227,134.346895,1,1,0,0,0,1.0000
no_causality_check,combined_violation_shift,1,8,1,1,1523.013464,134.346895,1,1,0,0,0,1.0000
no_causality_check,combined_violation_shift,1,9,1,1,530.470786,134.346895,1,1,0,0,0,1.0000
no_causality_check,combined_violation_shift,1,10,1,1,1411.128673,134.346895,1,1,0,0,0,1.0000
no_causality_check,combined_violation_shift,1,11,1,1,677.146991,134.346895,1,1,0,0,0,1.0000
no_causality_check,combined_violation_shift,2,0,1,1,673.697785,134.346895,1,1,0,0,0,1.0000
no_causality_check,combined_violation_shift,2,1,1,1,841.877368,134.346895,1,1,0,0,0,1.0000
no_causality_check,combined_violation_shift,2,2,1,1,561.434368,134.346895,1,1,0,0,0,1.0000
no_causality_check,combined_violation_shift,2,3,1,1,1179.140676,134.346895,1,1,0,0,0,1.0000
no_causality_check,combined_violation_shift,2,4,1,1,554.484918,134.346895,1,1,0,0,0,1.0000
no_causality_check,combined_violation_shift,2,5,1,1,694.116937,134.346895,1,1,0,0,0,1.0000
no_causality_check,combined_violation_shift,2,6,1,1,495.464429,134.346895,1,1,0,0,0,1.0000
no_causality_check,combined_violation_shift,2,7,1,1,473.078911,134.346895,1,1,0,0,0,1.0000
no_causality_check,combined_violation_shift,2,8,1,1,913.813126,134.346895,1,1,0,0,0,1.0000
no_causality_check,combined_violation_shift,2,9,1,1,883.483402,134.346895,1,1,0,0,0,1.0000
no_causality_check,combined_violation_shift,2,10,1,1,613.679426,134.346895,1,1,0,0,0,1.0000
no_causality_check,combined_violation_shift,2,11,1,1,1479.701305,134.346895,1,1,0,0,0,1.0000
no_causality_check,combined_violation_shift,3,0,1,1,792.021851,134.346895,1,1,0,0,0,1.0000
no_causality_check,combined_violation_shift,3,1,1,1,1020.617733,134.346895,1,1,0,0,0,1.0000
no_causality_check,combined_violation_shift,3,2,1,1,1643.080506,134.346895,1,1,0,0,0,1.0000
no_causality_check,combined_violation_shift,3,3,1,1,1805.632273,134.346895,1,1,0,0,0,1.0000
no_causality_check,combined_violation_shift,3,4,1,1,499.578843,134.346895,1,1,0,0,0,1.0000
no_causality_check,combined_violation_shift,3,5,1,1,635.833545,134.346895,1,1,0,0,0,1.0000
no_causality_check,combined_violation_shift,3,6,1,1,700.073859,134.346895,1,1,0,0,0,1.0000
no_causality_check,combined_violation_shift,3,7,1,1,1544.029819,134.346895,1,1,0,0,0,1.0000
no_causality_check,combined_violation_shift,3,8,1,1,575.214841,134.346895,1,1,0,0,0,1.0000
no_causality_check,combined_violation_shift,3,9,1,1,1156.417979,134.346895,1,1,0,0,0,1.0000
no_causality_check,combined_violation_shift,3,10,1,1,860.566123,134.346895,1,1,0,0,0,1.0000
no_causality_check,combined_violation_shift,3,11,1,1,1221.767051,134.346895,1,1,0,0,0,1.0000
no_causality_check,combined_violation_shift,4,0,1,1,584.457493,134.346895,1,1,0,0,0,1.0000
no_causality_check,combined_violation_shift,4,1,1,1,485.917258,134.346895,1,1,0,0,0,1.0000
no_causality_check,combined_violation_shift,4,2,1,1,1246.202793,134.346895,1,1,0,0,0,1.0000
no_causality_check,combined_violation_shift,4,3,1,1,573.131812,134.346895,1,1,0,0,0,1.0000
no_causality_check,combined_violation_shift,4,4,1,1,607.007824,134.346895,1,1,0,0,0,1.0000
no_causality_check,combined_violation_shift,4,5,1,1,555.155439,134.346895,1,1,0,0,0,1.0000
no_causality_check,combined_violation_shift,4,6,1,1,756.237435,134.346895,1,1,0,0,0,1.0000
no_causality_check,combined_violation_shift,4,7,1,1,587.039604,134.346895,1,1,0,0,0,1.0000
no_causality_check,combined_violation_shift,4,8,1,1,658.723100,134.346895,1,1,0,0,0,1.0000
no_causality_check,combined_violation_shift,4,9,1,1,476.849939,134.346895,1,1,0,0,0,1.0000
no_causality_check,combined_violation_shift,4,10,1,1,680.516705,134.346895,1,1,0,0,0,1.0000
no_causality_check,combined_violation_shift,4,11,1,1,887.877054,134.346895,1,1,0,0,0,1.0000
scalar_residual_only,combined_violation_shift,0,0,1,1,9.878654,134.346895,0,0,0,1,0,1.0000
scalar_residual_only,combined_violation_shift,0,1,1,1,10.611231,134.346895,0,0,0,1,0,1.0000
scalar_residual_only,combined_violation_shift,0,2,1,1,8.933492,134.346895,0,0,0,1,0,1.0000
scalar_residual_only,combined_violation_shift,0,3,1,1,10.299378,134.346895,0,0,0,1,0,1.0000
scalar_residual_only,combined_violation_shift,0,4,1,1,12.011794,134.346895,0,0,0,1,0,1.0000
scalar_residual_only,combined_violation_shift,0,5,1,1,10.937042,134.346895,0,0,0,1,0,1.0000
scalar_residual_only,combined_violation_shift,0,6,1,1,12.757580,134.346895,0,0,0,1,0,1.0000
scalar_residual_only,combined_violation_shift,0,7,1,1,10.953451,134.346895,0,0,0,1,0,1.0000
scalar_residual_only,combined_violation_shift,0,8,1,1,9.266207,134.346895,0,0,0,1,0,1.0000
scalar_residual_only,combined_violation_shift,0,9,1,1,11.420513,134.346895,0,0,0,1,0,1.0000
scalar_residual_only,combined_violation_shift,0,10,1,1,8.734676,134.346895,0,0,0,1,0,1.0000
scalar_residual_only,combined_violation_shift,0,11,1,1,9.516904,134.346895,0,0,0,1,0,1.0000
scalar_residual_only,combined_violation_shift,1,0,1,1,12.418861,134.346895,0,0,0,1,0,1.0000
scalar_residual_only,combined_violation_shift,1,1,1,1,10.988867,134.346895,0,0,0,1,0,1.0000
scalar_residual_only,combined_violation_shift,1,2,1,1,11.569207,134.346895,0,0,0,1,0,1.0000
scalar_residual_only,combined_violation_shift,1,3,1,1,11.122719,134.346895,0,0,0,1,0,1.0000
scalar_residual_only,combined_violation_shift,1,4,1,1,9.872449,134.346895,0,0,0,1,0,1.0000
scalar_residual_only,combined_violation_shift,1,5,1,1,10.776169,134.346895,0,0,0,1,0,1.0000
scalar_residual_only,combined_violation_shift,1,6,1,1,11.777648,134.346895,0,0,0,1,0,1.0000
scalar_residual_only,combined_violation_shift,1,7,1,1,10.041800,134.346895,0,0,0,1,0,1.0000
scalar_residual_only,combined_violation_shift,1,8,1,1,12.332015,134.346895,0,0,0,1,0,1.0000
scalar_residual_only,combined_violation_shift,1,9,1,1,9.815500,134.346895,0,0,0,1,0,1.0000
scalar_residual_only,combined_violation_shift,1,10,1,1,10.403114,134.346895,0,0,0,1,0,1.0000
scalar_residual_only,combined_violation_shift,1,11,1,1,12.148870,134.346895,0,0,0,1,0,1.0000
scalar_residual_only,combined_violation_shift,2,0,1,1,9.865891,134.346895,0,0,0,1,0,1.0000
scalar_residual_only,combined_violation_shift,2,1,1,1,10.402157,134.346895,0,0,0,1,0,1.0000
scalar_residual_only,combined_violation_shift,2,2,1,1,10.231510,134.346895,0,0,0,1,0,1.0000
scalar_residual_only,combined_violation_shift,2,3,1,1,11.925308,134.346895,0,0,0,1,0,1.0000
scalar_residual_only,combined_violation_shift,2,4,1,1,8.689898,134.346895,0,0,0,1,0,1.0000
scalar_residual_only,combined_violation_shift,2,5,1,1,9.005642,134.346895,0,0,0,1,0,1.0000
scalar_residual_only,combined_violation_shift,2,6,1,1,10.196500,134.346895,0,0,0,1,0,1.0000
scalar_residual_only,combined_violation_shift,2,7,1,1,9.608570,134.346895,0,0,0,1,0,1.0000
scalar_residual_only,combined_violation_shift,2,8,1,1,11.420462,134.346895,0,0,0,1,0,1.0000
scalar_residual_only,combined_violation_shift,2,9,1,1,12.476251,134.346895,0,0,0,1,0,1.0000
scalar_residual_only,combined_violation_shift,2,10,1,1,9.096604,134.346895,0,0,0,1,0,1.0000
scalar_residual_only,combined_violation_shift,2,11,1,1,10.318534,134.346895,0,0,0,1,0,1.0000
scalar_residual_only,combined_violation_shift,3,0,1,1,8.788177,134.346895,0,0,0,1,0,1.0000
scalar_residual_only,combined_violation_shift,3,1,1,1,10.297614,134.346895,0,0,0,1,0,1.0000
scalar_residual_only,combined_violation_shift,3,2,1,1,11.627693,134.346895,0,0,0,1,0,1.0000
scalar_residual_only,combined_violation_shift,3,3,1,1,9.742682,134.346895,0,0,0,1,0,1.0000
scalar_residual_only,combined_violation_shift,3,4,1,1,9.129123,134.346895,0,0,0,1,0,1.0000
scalar_residual_only,combined_violation_shift,3,5,1,1,10.238819,134.346895,0,0,0,1,0,1.0000
scalar_residual_only,combined_violation_shift,3,6,1,1,9.135464,134.346895,0,0,0,1,0,1.0000
scalar_residual_only,combined_violation_shift,3,7,1,1,8.928867,134.346895,0,0,0,1,0,1.0000
scalar_residual_only,combined_violation_shift,3,8,1,1,10.712032,134.346895,0,0,0,1,0,1.0000
scalar_residual_only,combined_violation_shift,3,9,1,1,11.551220,134.346895,0,0,0,1,0,1.0000
scalar_residual_only,combined_violation_shift,3,10,1,1,10.744140,134.346895,0,0,0,1,0,1.0000
scalar_residual_only,combined_violation_shift,3,11,1,1,9.028652,134.346895,0,0,0,1,0,1.0000
scalar_residual_only,combined_violation_shift,4,0,1,1,9.829153,134.346895,0,0,0,1,0,1.0000
scalar_residual_only,combined_violation_shift,4,1,1,1,9.854893,134.346895,0,0,0,1,0,1.0000
scalar_residual_only,combined_violation_shift,4,2,1,1,8.757273,134.346895,0,0,0,1,0,1.0000
scalar_residual_only,combined_violation_shift,4,3,1,1,13.038446,134.346895,0,0,0,1,0,1.0000
scalar_residual_only,combined_violation_shift,4,4,1,1,10.944094,134.346895,0,0,0,1,0,1.0000
scalar_residual_only,combined_violation_shift,4,5,1,1,10.207255,134.346895,0,0,0,1,0,1.0000
scalar_residual_only,combined_violation_shift,4,6,1,1,12.873841,134.346895,0,0,0,1,0,1.0000
scalar_residual_only,combined_violation_shift,4,7,1,1,11.859096,134.346895,0,0,0,1,0,1.0000
scalar_residual_only,combined_violation_shift,4,8,1,1,11.800517,134.346895,0,0,0,1,0,1.0000
scalar_residual_only,combined_violation_shift,4,9,1,1,11.885477,134.346895,0,0,0,1,0,1.0000
scalar_residual_only,combined_violation_shift,4,10,1,1,8.479303,134.346895,0,0,0,1,0,1.0000
scalar_residual_only,combined_violation_shift,4,11,1,1,8.513944,134.346895,0,0,0,1,0,1.0000
